F1,F2,F3,F4,F5,F6,F7,F8,F9,F10,y
-0.695,-0.395,-0.876,-0.08,0.671,0.854,0.454,0.537,-0.462,0.288,-0.813
-0.841,0.179,-0.313,0.978,0.253,0.364,0.105,-0.462,-0.253,-0.554,-0.627
-0.219,-0.614,0.222,0.766,0.245,-0.494,-0.64,0.633,-0.549,0.034,0.037
0.201,0.065,-0.973,0.048,0.792,0.54,-0.754,-0.408,0.224,0.452,-0.073
0.538,-0.617,0.116,0.102,-0.056,0.584,-0.77,0.363,-0.275,-0.312,-0.101
-0.946,-0.17,0.844,-0.818,-0.37,0.056,-0.344,-0.102,-0.967,-0.806,0.385
0.672,-0.151,0.698,0.094,-0.292,0.454,-0.812,0.786,-0.327,0.784,-0.406
-0.397,0.612,0.675,0.269,-0.377,-0.941,-0.2,0.036,-0.985,0.55,0.709
-0.737,-0.425,-0.347,0.813,0.999,0.542,-0.914,0.931,0.95,-0.595,0.36
-0.069,0.84,0.456,-0.508,-0.961,0.412,0.549,-0.054,0.603,-0.649,0.44
-0.264,0.064,-0.406,-0.251,0.456,-0.203,-0.788,-0.203,0.044,-0.788,0.707
0.037,0.222,0.658,-0.966,0.541,0.617,0.606,-0.77,0.776,-0.787,-0.52
0.615,-0.796,-0.843,-0.309,0.672,-0.869,0.272,0.341,0.589,-0.401,0.516
0.671,-0.252,-0.168,0.469,0.413,0.471,0.146,0.891,-0.428,0.306,0.622
-0.189,0.027,-0.72,-0.686,-0.929,-0.016,0.368,-0.648,0.573,-0.736,0.202
0.037,-0.992,-0.824,0.045,-0.991,-0.954,0.861,-0.868,-0.752,0.657,-0.264
-0.905,0.205,-0.258,0.373,-0.494,0.037,0.159,0.39,0.136,0.152,0.944
-0.808,-0.699,-0.562,-0.631,-0.651,0.835,-0.825,0.599,0.663,-0.44,-0.108
0.537,-0.674,0.545,0.07,-0.686,-0.054,0.408,-0.297,-0.853,-0.025,-0.592
0.568,-0.69,-0.417,-0.195,-0.854,-0.241,0.032,0.433,0.295,0.646,0.542
-0.542,0.32,-0.253,0.104,-0.839,-0.578,0.304,-0.957,-0.648,-0.607,0.683
-0.164,-0.373,0.374,0.79,-0.26,0.003,-0.79,0.44,0.269,0.616,0.096
-0.956,0.038,-0.802,-0.13,0.703,-0.118,0.792,-0.759,-0.334,0.335,-0.255
0.802,-0.063,-0.784,-0.375,-0.094,-0.506,-0.861,-0.534,-0.812,-0.913,0.388
-0.424,-0.968,-0.833,-0.512,-0.781,0.453,-0.144,-0.858,-0.865,-0.95,-0.143
0.86,-0.6,-0.207,-0.321,0.965,-0.469,-0.275,0.418,-0.977,-0.666,0.518
-0.17,0.545,0.222,-0.642,-0.187,-0.491,0.005,0.463,0.022,0.435,0.522
-0.988,0.406,-0.727,0.913,-0.589,0.228,-0.981,-0.863,0.956,0.947,-0.341
0.741,-0.651,-0.219,0.09,-0.003,-0.171,-0.838,0.018,0.325,0.502,0.094
0.509,-0.82,0.612,-0.2,-0.669,0.397,0.056,-0.119,-0.326,-0.702,0.35
0.419,0.793,-0.544,-0.655,0.623,-0.212,0.46,-0.907,0.553,0.747,0.501
0.54,0.617,0.516,0.563,-0.234,0.062,-0.753,-0.451,0.101,-0.522,0.002
-0.615,0.209,-0.281,-0.262,0.258,0.573,-0.028,0.384,0.751,0.638,-0.194
0.145,0.613,0.148,0.003,-0.713,-0.186,0.023,-0.621,-0.319,-0.754,0.395
0.937,0.254,-0.374,0.064,0.782,0.187,0.76,0.226,0.865,-0.634,-0.945
-0.335,-0.978,-0.109,0.863,-0.596,0.084,0.859,0.684,-0.843,0.511,-0.191
0.073,-0.905,0.377,0.116,-0.927,0.514,-0.351,-0.971,0.895,0.037,0.366
0.108,-0.887,0.035,-0.261,-0.882,-0.787,0.724,-0.663,-0.88,-0.565,-0.589
0.07,-0.625,-0.013,0.319,0.191,0.296,-0.552,0.048,0.86,0.249,-0.563
0.412,-0.381,-0.419,0.058,-0.462,0.305,-0.077,-0.831,0.465,-0.259,0.198
0.928,0.098,0.605,-0.666,-0.95,0.551,-0.362,0.583,-0.572,0.603,0.048
0.358,0.88,0.65,-0.319,0.602,-0.858,-0.65,-0.142,0.056,-0.346,-0.05
-0.529,0.976,-0.866,0.442,-0.086,-0.764,-0.732,-0.093,-0.925,0.553,-0.08
0.886,0.666,-0.31,0.939,0.974,-0.747,-0.808,-0.795,-0.088,-0.532,0.68
0.504,-0.387,0.111,0.566,-0.855,0.229,-0.119,-0.751,0.062,0.255,-0.436
-0.464,0.985,0.086,0.39,0.433,-0.339,0.49,0.981,0.975,0.362,-0.03
-0.699,-0.657,0.589,0.456,-0.073,0.464,-0.933,0.298,-0.334,-0.141,-0.099
-0.24,-0.521,-0.981,0.939,0.308,-0.011,0.261,-0.942,0.353,-0.974,0.561
0.807,-0.048,-0.41,-0.076,0.817,-0.362,-0.347,0.318,-0.605,0.397,0.175
-0.561,0.823,0.958,-0.41,0.129,-0.805,0.514,-0.764,-0.06,0.572,0.135
0.984,-0.957,0.445,-0.255,-0.723,0.138,0.508,0.284,0.544,-0.45,0.49
0.03,0.792,0.686,0.107,-0.684,-0.721,-0.767,0.178,-0.998,-0.781,-0.477
0.534,0.025,0.509,-0.177,-0.707,0.21,0.699,0.912,-0.535,-0.773,0.009
-0.401,-0.445,0.388,-0.775,0.804,0.286,-0.965,0.836,-0.511,0.112,0.981
-0.289,0.831,-0.287,-0.434,-0.716,0.717,-0.984,-0.727,-0.566,0.92,0.256
-0.903,-0.901,0.683,0.205,0.223,0.991,-0.62,0.055,-0.222,0.448,-0.713
-0.379,-0.529,-0.79,0.984,0.51,0.004,-0.734,0.39,-0.3,-0.3,-0.67
0.825,-0.626,0.576,0.295,0.219,0.665,0.74,0.266,0.065,-0.379,-0.646
0.499,-0.695,-0.615,0.748,-0.366,-0.695,-0.944,0.243,0.017,-0.688,-0.995
-0.579,-0.308,-0.224,0.953,0.227,0.644,-0.917,0.45,-0.284,0.902,-0.398
0.05,0.966,-0.359,0.769,-0.333,0.85,0.355,0.693,0.013,-0.398,0.18
-0.544,-0.632,0.991,0.176,-0.397,-0.341,-0.921,0.767,0.205,0.242,0.201
0.52,-0.515,-0.7,0.343,0.347,-0.837,0.232,-0.754,-0.293,-0.402,-0.947
0.632,-0.9,-0.606,0.703,-0.964,-0.594,0.848,-0.923,-0.418,0.27,0.944
0.167,-0.857,-0.223,0.311,0.383,-0.42,-0.403,-0.952,0.114,-0.92,0.014
0.681,0.031,-0.015,-0.155,0.449,0.539,0.358,0.723,-0.795,0.396,0.023
-0.145,0.943,-0.164,-0.737,0.292,0.093,-0.875,-0.309,0.081,-0.362,0.156
0.732,-0.861,-0.367,-0.27,0.388,-0.745,0.984,0.249,0.793,-0.756,0.46
-0.252,0.245,0.063,0.172,-0.07,-0.595,0.221,0.521,0.631,0.168,0.78
-0.552,-0.25,0.932,-0.436,-0.996,0.606,0.815,0.691,0.31,0.627,0.253
-0.575,-0.588,0.338,0.82,0.87,0.002,-0.593,-0.289,-0.145,-0.524,0.082
0.62,0.588,-0.09,-0.311,0.066,-0.969,0.153,-0.227,-0.764,-0.366,0.297
-0.656,-0.063,-0.173,-0.796,-0.053,-0.801,0.065,0.092,0.974,-0.629,0.49
0.571,0.718,-0.543,-0.42,-0.135,0.563,0.355,0.948,-0.937,0.299,0.609
-0.905,0.099,-0.847,-0.065,0.664,-0.084,0.507,0.161,0.887,0.181,-0.729
0.703,0.39,-0.636,-0.362,0.932,-0.219,0.409,0.976,0.446,0.523,-0.045
0.43,-0.61,0.892,-0.262,-0.118,0.472,0.98,0.249,0.482,-0.412,0.314
0.328,-0.296,0.92,0.279,0.422,-0.976,-0.491,0.103,0.6,0.154,-0.592
0.66,0.021,0.288,0.398,0.087,0.485,0.161,-0.623,-0.978,0.112,0.886
0.328,-0.609,-0.314,0.939,0.457,-0.763,-0.089,-0.212,-0.256,-0.324,0.311
-0.291,0.375,-0.834,0.993,0.64,0.368,-0.179,0.198,-0.028,0.584,-0.266
0.025,-0.722,0.773,0.404,0.071,-0.512,-0.84,0.534,0.404,0.482,0.655
-0.863,-0.483,-0.974,0.264,0.958,-0.26,0.057,0.353,0.192,0.739,0.241
-0.171,-0.925,-0.537,-0.577,-0.143,0.598,0.056,-0.635,-0.994,0.717,-0.289
0.519,0.73,0.171,-0.283,-0.991,-0.431,0.822,-0.321,-0.557,-0.488,0.762
0.806,-0.541,0.544,0.702,0.256,0.227,0.61,-0.816,-0.723,0.474,0.546
0.73,-0.177,0.93,0.535,0.636,-0.098,0.328,-0.968,-0.642,-0.335,0.299
-0.124,-0.638,-0.187,0.271,-0.514,0.315,0.452,0.809,-0.77,0.221,-0.509
-0.662,0.317,0.049,-0.002,0.81,-0.224,-0.051,0.143,-0.971,0.811,-0.047
0.722,-0.124,0.534,-0.192,0.394,-0.642,-0.841,0.921,0.802,0.472,-0.617
-0.906,-0.177,-0.965,-0.412,0.1,-0.238,0.0,-0.783,0.162,0.517,-0.388
0.297,-0.178,-0.566,-0.907,-0.649,0.909,-0.079,-0.368,-0.475,0.582,0.245
-0.22,0.461,-0.462,0.048,-0.33,0.053,-0.327,-0.662,0.915,-0.881,-0.746
-0.815,-0.762,-0.102,-0.971,0.518,0.317,-0.527,-0.38,0.086,0.179,0.457
0.192,0.44,-0.181,0.346,0.8,0.943,0.146,-0.063,0.126,-0.071,-0.696
0.865,0.638,-0.422,-0.353,0.446,-0.419,0.374,0.991,-0.506,-0.051,-0.244
-0.515,-0.265,-0.679,0.357,-0.136,-0.877,0.585,0.037,-0.102,-0.391,-0.738
-0.226,0.597,0.347,-0.485,-0.771,-0.362,-0.972,-0.729,-0.254,0.997,-0.082
0.179,0.556,-0.77,-0.106,0.262,-0.449,0.018,0.42,0.489,0.195,0.464
-0.281,0.903,0.35,0.213,-0.754,-0.041,-0.481,0.815,-0.657,0.901,0.866
-0.236,-0.059,0.422,-0.942,0.693,0.207,0.964,-0.461,-0.974,-0.098,0.085
0.797,0.229,0.562,0.297,-0.561,-0.158,-0.424,0.77,-0.946,-0.987,-0.66
-0.819,0.902,0.655,0.552,-0.608,0.18,-0.239,-0.356,0.289,-0.087,-0.311
0.816,-0.86,0.697,0.123,0.441,-0.058,-0.078,0.103,-0.051,0.69,-0.797
-0.367,-0.851,0.076,-0.895,-0.478,-0.836,-0.514,-0.073,-0.161,0.192,-0.367
-0.316,-0.953,0.473,-0.548,0.907,-0.754,-0.248,0.356,0.347,0.09,-0.071
-0.113,-0.765,0.563,-0.314,-0.5,0.247,0.237,-0.546,-0.296,-0.603,-0.201
0.242,-0.578,-0.085,-0.851,0.307,0.29,0.853,0.212,0.227,-0.638,0.914
-0.493,-0.9,-0.54,0.376,-0.453,-0.842,0.36,-0.349,0.383,-0.833,0.504
0.612,-0.2,-0.758,-0.279,-0.671,0.758,0.279,0.532,0.391,0.554,-0.737
0.564,-0.809,-0.095,-0.517,0.344,0.856,0.192,0.86,0.31,-0.526,0.648
-0.152,0.64,-0.783,0.01,-0.407,-0.497,0.487,0.048,0.07,0.865,0.327
-0.343,-0.053,-0.472,-0.845,0.982,0.033,0.594,-0.7,0.018,0.299,-0.251
-0.691,-0.395,0.239,0.913,-0.346,-0.578,-0.553,0.721,0.346,-0.727,0.399
0.623,0.219,-0.17,-0.461,0.415,0.544,0.687,0.14,0.655,0.885,0.946
-0.876,-0.936,-0.319,-0.567,0.603,-0.908,-0.877,-0.221,-0.102,-0.608,0.574
0.492,-0.633,-0.668,-0.714,-0.263,-0.303,0.39,0.555,0.833,0.839,-0.466
-0.369,0.52,-0.762,0.223,-0.53,0.276,0.83,0.466,0.5,0.053,0.254
-0.419,-0.792,0.821,-0.747,0.087,-0.105,0.521,0.24,0.078,-0.917,0.608
-0.065,-0.63,-0.208,-0.312,-0.574,0.761,-0.09,-0.536,-0.118,0.95,0.714
0.697,0.258,0.651,-0.232,0.402,0.597,-0.196,-0.255,0.993,0.298,0.01
-0.935,0.936,-0.521,-0.561,0.298,-0.741,-0.743,0.231,-0.33,0.549,0.547
0.696,-0.042,0.59,0.694,0.421,0.745,-0.589,0.893,0.401,0.278,-0.868
0.883,-0.908,0.168,-0.858,0.241,-0.719,0.53,0.342,-0.698,-0.527,0.948
0.589,0.138,0.565,0.909,0.304,0.493,-0.329,-0.957,-0.801,0.599,0.386
-0.722,0.819,0.909,0.019,0.503,-0.135,0.726,0.53,-0.132,0.489,0.888
-0.04,-0.239,-0.194,0.103,-0.599,0.319,0.014,-0.913,-0.969,0.146,0.603
0.954,-0.817,-0.451,0.518,0.115,-0.66,-0.792,-0.819,0.063,-0.273,-0.083
-0.573,-0.315,-0.085,-0.627,-0.618,0.459,-0.179,0.326,0.723,-0.358,-0.473
-0.953,0.547,0.236,-0.647,0.435,0.431,0.262,0.131,0.933,-0.046,-0.421
-0.489,-0.265,0.291,0.478,0.942,0.864,0.743,-0.849,0.25,-0.123,-0.019
-0.202,0.716,-0.153,0.495,0.086,0.704,0.217,-0.037,-0.036,0.012,-0.534
-0.831,0.957,-0.969,-0.957,-0.148,0.631,-0.955,0.08,-0.716,-0.495,-0.503
-0.993,0.963,0.73,0.277,-0.418,-0.29,0.903,-0.362,-0.22,0.111,-0.649
0.758,0.285,0.019,0.731,-0.021,0.144,-0.506,-0.608,-0.627,0.465,-0.263
-0.035,-0.612,-0.795,0.929,-0.887,0.417,-0.101,0.005,-0.346,-0.985,-0.215
0.952,0.554,0.38,-0.237,-0.35,-0.942,-0.626,0.939,0.676,-0.942,0.866
-0.705,0.087,-0.483,0.248,0.214,0.176,0.387,-0.245,-0.0,-0.686,0.073
0.458,0.439,-0.986,-0.166,-0.395,0.252,0.882,-0.825,-0.569,0.979,-0.117
-0.636,0.415,0.945,0.023,-0.051,0.578,0.712,-0.681,0.27,-0.519,-0.675
0.254,0.874,0.789,0.046,0.531,0.426,-0.593,0.145,0.25,0.55,0.256
0.046,0.824,0.281,0.052,0.812,0.817,0.161,-0.313,-0.408,0.766,0.632
0.955,0.969,-0.908,0.069,0.803,-0.369,0.516,0.647,-0.698,-0.806,-0.672
-0.081,-0.718,-0.103,-0.104,-0.016,-0.713,0.801,0.314,0.062,-0.346,-0.759
0.503,0.266,-0.449,0.134,-0.821,-0.138,0.234,-0.898,0.782,0.703,-0.907
-0.826,-0.88,-0.52,-0.8,0.907,-0.668,0.066,0.194,0.2,0.645,-0.177
-0.266,0.918,0.01,0.001,-0.526,-0.73,0.421,0.679,0.788,0.016,0.941
-0.632,-0.415,-0.995,0.599,0.26,0.837,-0.487,0.214,-0.062,0.695,0.847
0.321,-0.671,-0.347,-0.069,0.923,0.431,0.6,0.773,0.333,0.992,-0.334
0.535,0.249,0.448,0.358,0.621,0.407,0.141,0.346,0.127,-0.581,-0.454
-0.629,0.462,0.645,-0.695,-0.262,0.697,-0.542,0.718,-0.472,-0.327,0.849
0.857,0.647,0.784,0.743,-0.939,-0.241,0.031,0.228,-0.129,-0.48,-0.958
-0.4,0.062,-0.728,0.776,-0.436,0.501,-0.367,-0.954,-0.108,0.177,0.236
0.289,-0.271,0.911,-0.16,-0.566,0.321,0.852,-0.277,0.502,-0.889,0.684
-0.681,0.054,-0.102,0.47,-0.721,-0.063,0.667,0.479,0.58,-0.234,-0.257
-0.88,-0.041,0.507,0.141,-0.209,0.871,-0.924,0.61,-0.297,-0.885,-0.261
0.717,0.294,0.581,0.297,-0.015,-0.469,-0.394,0.062,-0.84,0.021,0.493
0.195,0.042,0.091,0.52,0.85,-0.918,-0.042,-0.729,0.065,-0.591,-0.542
-0.866,0.512,0.852,0.574,-0.491,-0.187,-0.486,-0.485,0.517,-0.241,0.861
0.186,-0.813,0.063,0.645,0.582,-0.862,-0.351,-0.528,-0.393,-0.073,-0.385
-0.829,0.821,-0.557,0.211,-0.47,0.239,-0.714,-0.384,-0.85,-0.312,0.02
0.058,0.618,-0.789,-0.426,-0.4,-0.956,-0.273,0.447,-0.432,-0.244,-0.954
0.542,-0.511,-0.47,0.469,-0.836,0.571,0.258,-0.528,-0.734,0.489,0.355
-0.03,-0.634,0.205,0.833,-0.456,0.621,-0.034,0.335,0.708,0.724,0.707
-0.758,-0.684,-0.78,-0.479,-0.988,-0.155,-0.324,0.227,0.765,0.877,0.589
0.758,-0.577,-0.414,-0.166,-0.79,0.715,-0.576,-0.047,0.341,0.646,-0.882
-0.435,0.333,0.7,-0.426,0.41,-0.552,0.626,0.248,0.271,-0.552,-0.55
0.227,0.278,0.04,0.073,0.026,-0.801,-0.027,0.651,0.563,-0.894,0.816
-0.794,0.516,-0.052,0.287,0.487,0.967,-0.936,-0.977,-0.185,0.936,-0.422
0.825,-0.508,-0.381,0.538,-0.557,-0.706,0.767,0.263,-0.466,0.864,0.594
-0.45,-0.679,-0.948,-0.236,0.354,-0.861,0.923,-0.131,0.054,-0.938,-0.015
-0.588,-0.561,-0.755,-0.413,-0.479,-0.916,-0.77,0.341,0.067,0.346,0.212
0.324,0.68,-0.742,0.771,-0.038,-0.117,-0.053,-0.154,-0.342,-0.932,0.756
0.768,0.009,-0.719,-0.911,-0.682,-0.409,0.335,0.338,0.312,0.005,-0.197
-0.321,-0.827,0.126,0.229,0.762,-0.9,-0.999,-0.48,0.91,0.054,-0.612
0.852,0.067,-0.333,-0.477,0.974,-0.724,0.439,-0.153,0.691,0.96,0.683
-0.909,-0.813,0.644,-0.094,0.106,0.94,-0.225,0.626,0.798,0.559,0.028
0.222,0.972,0.891,-0.076,-0.973,0.942,0.328,-0.337,0.53,0.396,-0.385
-0.564,0.231,-0.66,-0.988,-0.567,-0.58,0.058,-0.065,0.739,0.42,0.019
-0.683,0.816,-0.751,-0.125,0.867,-0.133,0.04,0.03,-0.161,-0.962,-0.672
-0.884,0.051,-0.78,-0.487,-0.925,-0.653,0.985,-0.849,0.519,0.515,0.744
-0.974,-0.856,0.425,-0.913,-0.441,0.993,0.332,-0.657,-0.425,-0.247,-0.38
0.721,-0.115,-0.631,-0.279,0.442,0.228,0.776,-0.711,0.661,-0.576,0.904
-0.82,0.173,0.441,0.431,0.045,-0.01,-0.003,0.773,-0.562,0.441,-0.265
0.03,0.196,-0.757,-0.19,-0.203,0.356,0.184,0.825,0.147,-0.625,-0.808
0.398,-0.509,0.784,0.093,-0.499,-0.654,0.92,-0.084,0.676,0.692,0.054
-0.406,0.528,-0.041,0.3,-0.949,-0.793,0.007,0.452,-0.074,0.95,0.537
0.453,-0.166,0.61,-0.477,0.004,0.773,0.886,0.751,0.866,0.143,0.978
0.092,0.953,0.435,0.538,-0.026,0.158,-0.67,-0.896,0.703,0.022,0.78
-0.011,-0.981,0.729,-0.343,0.615,0.743,0.241,0.619,0.057,0.517,0.539
-0.77,-0.945,-0.621,0.399,-0.725,0.134,0.841,0.345,-0.804,0.094,-0.13
-0.35,-0.313,-0.508,0.282,0.58,-0.679,0.13,0.949,0.098,-0.74,0.695
-0.09,-0.889,0.509,0.617,0.351,-0.386,-0.075,-0.863,0.581,-0.987,0.294
-0.561,0.917,0.492,0.192,-0.751,0.543,0.733,0.643,-0.874,-0.43,0.614
-0.969,-0.656,0.339,0.078,-0.793,0.52,0.105,0.855,0.094,-0.342,-0.063
0.314,0.73,-0.755,0.671,-0.245,0.316,0.814,0.333,-0.034,0.664,0.575
-0.32,0.613,0.635,-0.298,-0.453,0.112,0.921,0.905,-0.975,-0.722,0.845
0.177,-0.242,-0.152,0.772,0.245,-0.017,-0.562,-0.389,-0.926,-0.018,0.808
0.147,0.192,-0.052,0.051,-0.722,-0.54,-0.73,-0.557,0.807,-0.384,-0.39
0.001,0.757,-0.411,-0.08,0.285,-0.604,0.118,-0.891,-0.815,0.537,-0.735
-0.696,0.645,0.311,-0.749,-0.602,0.403,0.516,0.171,0.921,0.459,-0.854
-0.225,-0.057,0.21,0.282,-0.928,0.202,-0.916,0.319,-0.869,0.306,-0.056
0.704,0.981,0.845,-0.941,0.321,-0.927,-0.193,0.648,-0.523,-0.035,0.717
0.513,-0.484,0.695,0.591,-0.871,-0.938,-0.361,0.212,-0.62,0.987,0.554
0.819,0.901,-0.776,-0.428,-0.394,-0.544,0.83,-0.471,-0.679,0.189,-0.104
0.326,-0.348,-0.069,-0.084,-0.392,0.708,-0.474,-0.695,-0.488,0.728,-0.54
-0.512,0.069,0.834,-0.46,-0.445,0.018,-0.253,0.54,0.144,0.244,-0.887
0.268,0.16,-0.24,-0.96,-0.8,-0.671,-0.781,-0.231,0.067,-0.224,0.393
-0.182,-0.809,0.082,-0.884,0.825,0.585,-0.374,0.52,0.707,0.665,0.009
0.7,0.144,0.326,-0.091,-0.895,-0.633,-0.895,0.86,0.212,-0.608,0.146
0.485,0.173,0.574,0.653,-0.943,0.233,-0.405,0.741,-0.362,0.224,-0.947
0.088,-0.141,-0.572,0.344,-0.454,-0.79,-0.918,-0.114,-0.455,0.269,0.546
-0.385,-0.631,0.388,-0.734,-0.024,-0.337,-0.983,-0.772,-0.673,0.096,0.667
-0.077,-0.8,-0.278,-0.134,0.199,-0.569,0.989,0.616,0.076,-0.769,0.945
-0.446,0.56,-0.79,-0.344,0.778,0.743,0.569,-0.224,-0.576,0.902,0.137
0.126,-0.316,-0.844,0.555,-0.174,0.925,-0.894,-0.883,0.824,0.881,0.152
0.038,-0.449,-0.237,0.335,-0.2,-0.483,0.486,0.695,0.118,-0.532,-0.6
-0.125,0.307,0.047,-0.324,0.167,-0.565,-0.843,0.576,0.04,-0.556,0.38
0.386,-0.117,0.504,-0.221,0.604,-0.869,0.648,-0.965,-0.238,-0.197,-0.736
0.594,0.719,0.6,0.864,0.866,-0.991,0.996,0.672,0.796,0.55,0.766
0.692,0.282,-0.202,-0.228,0.511,0.395,-0.358,0.208,-0.375,-0.918,0.273
0.458,0.118,-0.568,-0.127,-0.887,-0.31,0.848,-0.739,-0.999,0.678,-0.204
0.102,-0.228,-0.488,-0.987,0.287,-0.11,-0.336,-0.172,-0.149,-0.752,-0.186
-0.496,-0.758,-0.018,-0.882,0.314,-0.218,-0.429,0.359,0.533,-0.569,-0.114
0.724,-0.18,-0.599,-0.561,-0.898,0.971,0.576,-0.998,-0.658,-0.233,-0.465
-0.811,0.137,0.463,-0.291,0.164,0.925,-0.263,0.43,0.689,-0.166,0.838
-0.92,0.851,0.271,0.858,0.892,0.398,-0.586,-0.557,0.942,0.048,0.194
-0.167,0.68,-0.505,0.179,-0.69,0.206,-0.376,0.747,0.721,0.868,0.834
0.041,-0.23,-0.419,-0.598,-0.758,-0.33,0.049,-0.981,-0.196,0.527,-0.23
0.048,0.492,-0.833,-0.086,0.435,0.049,0.459,-0.533,-0.265,-0.916,0.994
0.429,-0.653,-0.792,0.81,0.668,0.528,0.899,-0.568,0.729,-0.469,-0.181
-0.073,0.26,-0.775,0.546,0.817,0.003,-0.731,-0.924,-0.034,-0.269,0.374
-0.025,0.214,0.308,0.881,-0.089,0.275,0.319,-0.379,0.47,0.628,-0.912
-0.993,-0.244,-0.934,-0.983,0.14,-0.85,0.059,0.387,-0.375,-0.819,0.859
0.75,0.439,-0.47,0.091,0.609,-0.034,0.885,0.144,-0.853,0.491,-0.421
0.566,-0.503,0.529,-0.957,0.828,0.409,-0.839,-0.923,0.448,0.191,-0.17
-0.149,0.859,-0.348,0.911,0.35,0.013,0.17,-0.341,-0.332,-0.729,-0.172
0.891,-0.535,0.763,0.872,0.962,0.2,-0.507,0.986,0.457,0.217,0.664
0.25,0.485,-0.269,-0.446,-0.73,-0.55,-0.231,-0.4,0.884,0.154,-0.614
-0.319,-0.747,-0.915,-0.317,-0.423,0.915,0.194,-0.595,0.598,-0.154,-0.375
0.484,0.314,0.941,-0.942,-0.667,0.176,0.136,0.497,-0.728,0.627,0.475
-0.762,-0.609,-0.091,0.014,0.046,-0.227,0.882,0.627,-0.611,-0.932,-0.431
-0.364,-0.999,0.899,0.894,0.652,0.102,0.825,0.891,0.341,0.639,-0.654
-0.052,-0.081,0.597,0.275,0.097,-0.181,-0.801,-0.769,-0.511,0.032,-0.546
0.273,0.781,0.451,0.449,0.955,0.165,-0.618,0.487,-0.489,0.218,0.717
-0.292,0.639,0.642,0.475,-0.33,0.584,-0.677,0.272,-0.634,0.487,-0.132
0.682,0.177,0.977,0.163,-0.655,0.573,0.186,0.574,-0.045,-0.454,-0.292
-0.56,-0.054,-0.429,0.854,-0.236,0.755,0.491,0.995,0.613,-0.737,-0.219
-0.325,-0.901,-0.904,0.379,0.388,-0.272,0.569,-0.565,0.532,-0.148,0.027
0.059,0.905,-0.145,0.624,-0.3,0.776,0.059,-0.832,-0.978,-0.077,-0.377
-0.624,-0.069,0.12,0.537,0.835,-0.076,-0.363,-0.903,-0.018,0.079,0.865
0.706,-0.301,-0.088,0.103,0.104,0.036,-0.886,-0.796,-0.889,-0.757,-0.953
0.313,0.864,0.123,0.495,-0.141,0.816,-0.817,0.435,0.601,0.893,0.232
0.646,-0.241,-0.665,-0.631,-0.268,-0.218,0.583,-0.351,-0.872,-0.677,0.026
-0.985,-0.571,-0.279,0.818,0.156,-0.204,0.796,-0.699,-0.473,-0.562,0.748
-0.127,0.867,0.631,0.066,0.942,0.605,0.802,-0.566,0.922,0.045,0.437
-0.278,-0.206,-0.468,-0.143,0.747,0.461,0.563,-0.567,-0.27,0.959,0.694
-0.599,0.342,0.171,0.772,0.812,0.261,-0.526,-0.411,-0.415,0.951,-0.789
0.641,0.227,-0.678,0.387,-0.404,-0.901,-0.316,-0.415,-0.967,-0.739,-0.857
0.465,0.546,-0.577,0.706,-0.311,0.894,0.294,-0.327,0.482,0.43,0.332
-0.29,0.006,0.649,-0.189,0.891,-0.549,0.286,0.327,0.703,-0.232,-0.505
-0.508,-0.269,-0.5,-0.751,0.797,-0.447,-0.08,0.802,-0.769,0.737,0.754
-0.894,-0.962,0.399,0.047,0.032,-0.516,0.87,0.475,-0.515,-0.761,-0.634
0.086,0.321,-0.565,-0.918,0.876,-0.555,-0.22,-0.092,-0.674,-0.435,0.876
-0.729,0.931,-0.795,0.361,0.124,0.497,0.396,-0.686,-0.263,0.799,-0.94
-0.761,0.452,-0.949,-0.91,-0.656,0.093,0.019,0.316,-0.852,0.918,0.96
0.672,-0.902,0.568,0.4,0.456,0.034,0.961,-0.456,0.981,0.4,-0.868
0.766,-0.343,0.159,0.838,0.169,0.681,-0.815,0.178,-0.001,0.135,0.405
0.96,0.291,-0.28,-0.294,-0.741,-0.815,0.559,-0.421,-0.945,0.856,0.974
-0.868,0.702,-0.179,-0.853,-0.615,-0.473,-0.01,-0.108,-0.627,-0.915,0.053
-0.346,0.603,0.179,-0.131,0.604,-0.765,-0.11,0.701,0.432,-0.433,-0.429
-0.936,-0.401,-0.879,0.427,0.589,0.837,-0.114,-0.877,-0.823,-0.449,-0.394
0.793,-0.666,-0.048,0.583,0.63,0.115,0.947,-0.252,0.471,0.781,-0.528
0.542,-0.407,0.953,0.798,-0.432,0.006,-0.319,0.913,0.476,-0.349,0.812
-0.356,-0.254,-0.3,-0.466,0.119,0.905,0.421,-0.311,0.04,-0.932,0.531
-0.177,0.688,0.38,0.964,-0.533,-0.178,-0.573,0.959,-0.969,0.726,0.64
-0.774,0.02,-0.33,-0.226,-0.149,0.893,0.149,0.78,-0.046,0.041,0.046
-0.203,-0.626,0.389,-0.709,-0.746,0.116,-0.264,0.387,-0.505,-0.823,0.763
0.299,0.04,-0.217,0.634,0.993,-0.388,-0.966,0.353,0.391,-0.46,-0.988
-0.99,-0.032,-0.008,0.461,0.116,-0.842,0.159,0.276,-0.079,0.588,-0.842
0.948,0.216,-0.522,-0.656,-0.615,-0.207,0.418,-0.7,-0.572,0.349,-0.262
0.823,-0.415,-0.81,-0.111,0.77,0.747,-0.116,-0.58,-0.034,0.289,-0.184
-0.453,-0.039,0.362,-0.478,0.14,-0.394,-0.162,0.24,0.998,0.172,-0.177
-0.856,-0.907,-0.83,0.71,-0.751,-0.994,-0.399,0.455,0.645,0.954,-0.41
-0.797,-0.181,0.085,0.205,0.805,-0.04,0.197,-0.675,-0.089,-0.54,0.571
-0.412,-0.604,-0.161,-0.341,-0.079,0.576,-0.399,-0.771,-0.679,0.273,-0.408
0.827,-0.033,0.762,0.806,0.989,-0.751,-0.049,-0.388,-0.226,0.917,-0.167
-0.073,-0.475,0.642,0.518,0.652,-0.924,0.441,0.964,0.922,0.559,0.985
0.965,-0.93,-0.911,-0.487,0.327,-0.613,-0.118,0.093,-0.072,0.62,-0.913
0.431,0.27,0.417,0.287,0.924,-0.018,0.899,0.752,-0.701,-0.904,0.726
0.933,0.727,0.549,-0.699,-0.233,0.614,-0.138,0.283,0.991,-0.964,0.618
-0.882,0.027,0.451,-0.561,0.521,-0.306,-0.955,0.128,0.462,0.713,0.919
0.21,-0.235,-0.308,0.28,0.794,-0.323,0.782,0.524,-0.653,-0.261,-0.436
0.28,-0.076,-0.49,-0.413,-0.428,-0.392,-0.946,0.538,0.549,0.389,0.579
-0.051,-0.652,0.691,-0.201,-0.519,-0.045,0.125,0.525,0.384,0.896,-0.165
-0.463,0.051,0.027,0.597,-0.282,-0.899,-0.77,-0.079,0.889,-0.34,-0.578
0.508,-0.291,-0.83,-0.099,-0.043,-0.722,0.958,0.919,0.014,0.206,-0.379
-0.396,0.046,0.693,-0.464,-0.022,-0.36,-0.023,-0.825,-0.337,0.5,-0.204
-0.04,-0.554,-0.145,-0.075,0.487,0.928,0.668,-0.801,-0.27,-0.727,-0.27
0.649,0.03,-0.059,-0.627,-0.372,-0.11,-0.793,0.919,0.018,-0.743,-0.75
-0.818,0.415,0.742,0.383,-0.368,0.166,0.741,0.515,0.536,-0.912,0.708
-0.098,0.119,-0.131,0.685,0.629,-0.152,-0.885,0.914,-0.612,0.279,-0.797
0.942,0.872,0.968,-0.44,-0.405,0.661,0.237,-0.9,0.191,0.832,0.711
-0.777,-0.751,-0.501,-0.292,-0.787,-0.001,-0.345,0.285,-0.997,-0.886,0.762
-0.964,0.27,-0.353,0.929,0.15,0.646,0.278,0.542,0.446,-0.85,-0.163
-0.007,-0.731,-0.948,-0.939,0.643,0.047,0.044,0.74,0.478,-0.353,-0.669
-0.281,-0.96,-0.091,-0.247,0.536,0.39,0.013,0.917,-0.61,0.501,0.424
0.334,-0.498,-0.87,-0.158,0.284,0.324,0.396,0.218,-0.409,0.88,-0.045
0.87,0.754,0.331,0.356,-0.668,0.025,-0.108,0.283,-0.424,0.979,0.166
-0.0,-0.158,-0.147,0.032,-0.727,-0.407,-0.087,0.289,-0.099,-0.595,-0.565
0.231,0.939,0.659,0.421,-0.936,-0.255,-0.901,0.124,0.463,0.036,0.132
-0.168,0.698,0.934,-0.341,0.466,0.615,0.705,-0.84,0.908,0.27,-0.847
0.075,0.181,-0.641,0.298,-0.475,-0.2,-0.842,0.822,0.911,0.808,0.077
0.872,-0.728,-0.35,-0.788,-0.906,0.618,-0.716,-0.37,-0.08,-0.372,0.254
0.769,0.101,0.257,-0.826,-0.744,0.187,-0.664,-0.93,0.711,0.585,-0.854
-0.204,-0.898,0.904,-0.594,-0.78,0.576,-0.996,0.618,-0.724,-0.252,0.06
0.754,-0.35,-0.676,0.882,-0.516,-0.884,0.054,-0.725,-0.002,0.266,0.923
0.386,0.966,0.979,0.456,0.027,0.809,-0.881,-0.695,-0.555,-0.409,-0.543
0.693,-0.477,-0.938,-0.348,0.909,0.029,0.216,0.729,0.408,0.311,0.417
-0.745,0.686,-0.496,-0.718,0.009,0.757,0.066,-0.507,-0.383,-0.759,-0.072
0.938,0.291,-0.635,0.904,-0.609,0.539,-0.076,0.879,0.808,-0.04,-0.444
0.004,-0.106,0.78,-0.473,0.619,0.915,-0.938,-0.156,0.842,0.843,-0.905
-0.756,0.45,0.874,0.161,-0.327,-0.415,0.067,0.627,-0.23,0.671,-0.341
-0.931,-0.584,0.234,-0.248,0.818,-0.741,0.927,0.413,-0.097,-0.495,0.534
0.183,0.132,-0.125,-0.708,-0.586,0.26,-0.049,-0.85,-0.771,0.337,0.054
-0.202,0.523,-0.368,0.209,-0.492,0.242,0.732,-0.784,0.449,-0.917,-0.129
0.755,-0.657,0.539,-0.665,-0.3,0.732,-0.883,-0.176,-0.011,-0.516,-0.708
-0.058,0.052,0.437,0.537,-0.323,-0.613,-0.793,0.723,0.727,-0.618,-0.111
0.429,-0.575,-0.829,-0.6,-0.714,0.364,-0.752,0.183,-0.661,0.689,0.685
-0.818,-0.492,-0.936,0.644,0.539,0.786,0.838,0.13,-0.656,-0.693,0.619
-0.674,-0.903,0.363,-0.872,0.694,-0.369,0.681,-0.617,0.545,-0.995,-0.894
-0.211,-0.492,-0.689,0.249,0.311,0.259,-0.208,0.252,-0.13,-0.891,-0.13
0.247,-0.445,-0.73,-0.026,0.641,-0.654,-0.611,-0.944,0.589,-0.021,0.757
0.36,-0.46,0.486,-0.874,-0.223,0.283,0.485,-0.17,0.583,0.172,0.073
0.45,0.741,-0.598,0.762,0.637,0.654,-0.704,-0.371,0.651,-0.204,-0.199
0.936,0.287,-0.445,0.528,0.595,0.585,0.155,0.645,-0.292,-0.309,0.489
-0.331,0.624,-0.027,0.153,0.715,-0.136,0.336,0.122,-0.691,-0.527,-0.784
0.115,0.154,-0.082,0.201,-0.876,0.979,-0.639,-0.988,-0.257,0.652,-0.09
0.234,-0.135,-0.534,0.108,0.156,0.13,0.826,-0.472,-0.03,0.247,-0.448
0.792,0.457,0.193,0.071,0.682,-0.345,0.282,-0.801,0.995,-0.196,-0.875
0.258,-0.292,-0.838,-0.582,0.16,-0.216,-0.603,-0.946,-0.797,-0.794,0.347
-0.714,0.835,0.473,-0.981,-0.352,-0.235,-0.29,-0.184,0.993,-0.069,-0.706
0.566,-0.124,-0.547,0.419,0.514,-0.731,-0.654,0.264,-0.5,-0.665,-0.338
-0.215,-0.505,0.401,0.428,0.308,0.593,0.997,-0.213,-0.318,-0.313,-0.199
-0.421,0.55,-0.597,-0.752,0.95,-0.971,0.615,-0.937,-0.653,-0.0,0.214
0.199,0.274,0.459,-0.262,-0.578,0.858,0.93,0.826,-0.409,-0.454,-0.741
-0.465,0.301,-0.317,0.221,0.78,0.092,-0.194,0.686,-0.673,-0.922,0.888
0.263,0.628,0.981,-0.719,-0.519,-0.748,-0.469,0.847,-0.48,0.089,-0.655
-0.654,0.954,0.988,0.185,0.026,0.878,0.872,-0.47,0.836,0.413,0.958
0.481,0.893,-0.13,0.564,-0.835,-0.965,-0.545,0.244,0.27,-0.674,-0.005
-0.295,-0.517,0.005,0.848,-0.078,0.529,-0.578,0.069,0.438,-0.271,-0.047
0.077,-0.389,-0.892,0.716,-0.268,-0.691,0.597,0.979,0.097,0.28,0.539
-0.688,0.901,0.103,0.824,-0.917,-0.155,0.976,0.583,0.11,0.994,0.162
0.932,0.454,0.192,-0.197,0.426,0.262,-0.377,-0.223,0.253,0.228,-0.743
0.013,-0.055,0.486,0.455,0.214,-0.048,0.722,0.011,-0.051,0.942,0.219
-0.914,-0.221,0.969,0.558,0.889,-0.766,-0.123,-0.562,-0.053,0.92,-0.12
0.945,-0.115,0.912,0.377,0.915,-0.674,-0.536,0.077,-0.267,0.756,0.716
0.142,-0.687,0.526,-0.244,-0.679,0.825,0.774,0.272,0.343,0.425,-0.55
0.418,-0.775,-0.983,-0.335,0.896,0.65,-0.569,0.55,-0.464,0.467,0.275
0.677,0.492,0.576,-0.742,-0.168,-0.287,-0.398,-0.46,-0.875,-0.25,0.013
0.627,-0.719,-0.052,0.082,-0.211,0.514,-0.149,0.863,-0.453,0.746,0.544
-0.578,-0.077,0.172,-0.947,0.044,-0.595,-0.062,-0.81,0.044,0.546,0.031
0.315,-0.493,0.119,0.718,-0.646,-0.118,-0.809,0.12,-0.646,-0.231,-0.596
0.056,-0.117,-0.841,0.774,0.138,0.428,-0.734,-0.417,-0.673,0.59,-0.394
0.7,0.228,-0.916,-0.072,0.189,-0.88,-0.132,0.24,0.961,0.541,0.614
0.902,-0.664,0.7,-0.466,-0.388,0.91,-0.436,0.267,0.419,-0.762,0.955
0.824,0.981,-0.758,0.586,0.612,-0.673,-0.039,-0.546,-0.581,0.771,0.653
0.008,0.726,0.806,-0.823,-0.115,-0.098,-0.11,0.604,0.976,-0.397,-0.371
0.274,-0.27,-0.322,-0.821,-0.489,-0.75,0.094,0.506,0.505,-0.673,0.562
-0.536,-0.926,0.683,-0.048,-0.69,0.269,0.16,0.948,-0.896,-0.753,-0.528
-0.847,0.66,0.062,-0.83,0.282,0.866,-0.73,-0.869,0.117,0.173,0.798
-0.559,-0.993,0.398,0.43,-0.652,-0.463,-0.323,-0.863,0.85,0.979,0.501
0.82,0.108,0.419,0.879,-0.978,-0.391,-0.79,0.578,-0.623,0.575,-0.844
-0.913,0.206,0.317,0.283,-0.785,0.444,0.229,-0.64,0.178,0.623,0.626
0.016,-0.957,-0.451,-0.352,0.277,-0.219,0.818,0.612,0.291,-0.612,-0.08
-0.523,0.548,0.65,-0.342,-0.951,-0.849,0.253,-0.895,-0.877,0.206,-0.969
-0.742,0.444,0.607,0.792,0.328,-0.937,0.118,-0.949,0.332,-0.058,-0.832
0.327,-0.723,0.789,-0.121,-0.595,0.566,-0.673,0.547,0.154,0.887,0.418
0.224,-0.278,0.062,-0.436,-0.135,0.921,0.994,0.659,-0.876,-0.849,-0.522
0.383,0.902,0.85,0.273,-0.863,0.337,-0.407,0.105,-0.292,-0.421,0.194
0.488,0.685,0.377,0.602,0.699,-0.944,0.014,0.342,-0.276,0.946,-0.035
-0.391,0.94,0.947,0.076,-0.17,0.266,0.938,0.375,-0.771,-0.189,-0.107
-0.891,0.227,-0.578,0.401,0.675,-0.595,-0.76,0.375,0.259,0.109,-0.163
0.203,-0.668,-0.034,-0.939,-0.641,-0.405,0.301,-0.21,-0.287,0.745,-0.055
-0.954,-0.121,-0.242,-0.806,0.708,0.107,-0.634,0.567,0.371,-0.549,0.991
-0.634,-0.517,-0.412,-0.992,0.811,0.945,0.648,-0.509,-0.731,-0.912,0.445
-0.757,-0.414,0.625,0.455,-0.763,-0.218,-0.282,-0.597,0.778,-0.07,0.335
-0.99,-0.78,-0.843,0.239,0.732,0.903,-0.968,-0.379,-0.546,0.191,-0.9
0.001,0.665,-0.508,-0.581,-0.933,-0.626,0.204,0.605,-0.509,0.248,0.339
0.068,-0.68,0.545,-0.455,0.857,-0.425,-0.764,0.762,0.857,-0.09,-0.296
-0.799,-0.833,-0.388,-0.779,-0.356,-0.767,0.242,-0.712,0.751,-0.926,-0.295
-0.737,-0.22,-0.335,0.051,-0.289,-0.313,0.686,-0.811,0.258,-0.405,0.829
0.975,0.157,0.994,0.387,-0.975,0.154,-0.395,-0.075,0.031,-0.241,-0.879
-0.166,-0.134,-0.336,0.826,-0.499,-0.416,-0.117,-0.778,-0.153,0.804,0.995
-0.887,0.735,0.143,0.393,-0.757,-0.338,-0.941,0.47,-0.76,-0.527,0.395
0.944,-0.56,-0.025,-0.585,0.773,0.968,-0.606,-0.391,-0.691,-0.856,-0.45
0.09,-0.618,0.46,0.507,-0.914,-0.189,0.236,-0.331,-0.024,0.845,0.711
-0.34,-0.184,-0.672,-0.185,-0.458,-0.242,0.37,-0.502,-0.599,-0.429,0.319
0.829,-0.068,0.431,-0.901,0.884,-0.439,-0.931,0.941,0.957,0.762,0.823
-0.225,0.733,0.528,0.825,0.591,0.71,-0.967,0.559,0.664,-0.028,0.019
0.566,-0.903,-0.477,0.658,-0.565,-0.189,0.767,0.242,0.815,0.267,0.202
-0.861,0.155,0.584,-0.481,0.186,-0.269,-0.224,-0.781,-0.931,0.455,-0.733
0.051,0.02,-0.756,-0.219,0.559,-0.451,0.343,-0.21,-0.372,-0.501,0.954
0.925,0.119,-0.772,-0.742,0.85,0.007,-0.492,0.142,0.814,0.041,-0.404
0.026,-0.947,-0.67,0.16,-0.852,0.231,-0.952,0.308,-0.967,0.161,0.678
0.057,0.345,-0.431,0.206,0.05,-0.37,0.563,0.997,-0.051,-0.06,0.09
-0.322,-0.726,-0.503,-0.14,0.645,-0.421,0.732,0.623,-0.41,0.422,0.46
-0.851,-0.466,-0.634,0.732,0.057,0.804,-0.143,0.43,-0.543,-0.367,0.261
0.283,-0.32,0.672,-0.007,-0.151,0.388,-0.005,-0.649,0.903,-0.162,0.539
-0.945,-0.866,0.411,0.562,0.897,-0.996,-0.545,-0.882,0.98,-0.547,-0.009
-0.845,0.801,-0.364,-0.382,0.069,-0.948,0.601,0.532,-0.99,-0.701,-0.973
0.829,0.932,0.391,-0.562,-0.503,-0.661,0.609,-0.146,0.201,0.739,0.052
-0.164,-0.137,0.074,0.672,-0.627,-0.628,0.381,0.905,0.744,0.531,0.092
0.838,0.565,-0.225,0.071,0.589,-0.731,-0.156,-0.492,-0.418,-0.451,0.848
0.367,-0.028,-0.827,0.398,0.199,0.116,0.934,-0.426,-0.035,0.272,0.737
-0.66,0.808,0.352,0.417,0.097,0.985,-0.787,-0.963,0.143,-0.356,0.268
-0.14,0.315,-0.253,0.043,-0.799,-0.029,-0.091,-0.013,0.067,-0.376,-0.013
-0.275,0.91,0.962,0.923,-0.757,-0.436,-0.766,0.454,-0.308,-0.657,0.657
-0.456,0.302,0.522,-0.227,-0.711,0.309,0.269,-0.073,-0.417,-0.372,0.363
0.473,0.638,0.258,0.864,-0.847,-0.874,-0.84,0.823,0.884,-0.57,-0.012
-0.453,-0.722,0.023,0.525,-0.545,0.655,0.16,-0.614,-0.182,0.836,-0.94
-0.195,-0.84,0.842,-0.752,0.786,0.357,-0.907,0.037,0.099,-0.447,0.543
0.828,0.239,-0.051,-0.273,-0.257,0.958,0.048,-0.467,0.823,-0.049,-0.942
-0.646,-0.159,-0.354,0.52,0.061,-0.098,0.789,-0.848,0.748,-0.593,-0.554
0.852,0.265,-0.775,0.092,0.11,-0.058,0.672,0.409,-0.524,-0.975,0.276
-0.872,0.532,-0.049,-0.947,-0.345,0.127,-0.053,0.231,0.994,0.109,-0.605
0.444,-0.605,0.772,0.167,-0.118,-0.391,-0.179,0.083,0.164,0.755,-0.644
-0.437,0.745,0.758,0.776,-0.572,0.906,-0.794,-0.254,-0.497,0.675,0.833
0.968,0.454,-0.875,0.33,0.878,-0.649,-0.893,0.139,0.729,0.141,0.56
-0.147,-0.476,0.705,0.664,-0.866,0.485,-0.168,-0.106,0.243,-0.842,0.926
0.766,0.624,-0.836,-0.05,-0.064,-0.938,0.257,-0.273,-0.131,0.167,0.475
-0.877,0.29,0.975,-0.212,0.127,-0.288,0.991,-0.935,0.248,-0.569,-0.078
-0.69,-0.888,0.66,0.083,0.216,-0.487,-0.54,0.245,-0.284,0.651,-0.338
0.729,-0.126,-0.953,0.037,-0.087,0.624,0.316,-0.967,0.01,0.586,-0.867
0.194,-0.688,0.088,0.867,0.341,-0.122,0.085,0.464,0.078,0.767,-0.475
-0.404,-0.459,-0.287,0.115,0.683,0.106,0.689,-0.742,-0.543,-0.596,0.899
-0.316,-0.045,-0.284,0.76,-0.034,-0.174,0.547,-0.547,-0.7,-0.02,0.925
0.587,0.636,-0.365,-0.115,0.924,-0.969,-0.06,-0.421,0.291,-0.692,0.28
-0.597,0.202,0.282,0.103,-0.42,-0.724,0.187,0.362,0.979,0.142,-0.432
0.494,0.204,0.6,-0.737,-0.791,-0.835,0.49,0.872,-0.718,0.69,-0.336
0.824,-0.239,-0.281,0.757,0.084,0.952,0.565,-0.269,0.809,0.573,0.63
-0.001,-0.507,0.998,-0.333,-0.407,0.577,-0.25,0.177,-0.586,-0.839,-0.49
0.526,-0.517,0.089,0.655,0.897,0.786,0.632,-0.448,-0.432,-0.7,-0.838
-0.822,0.311,0.419,0.064,0.57,-0.887,-0.269,-0.891,0.525,0.427,-0.322
0.438,0.489,-0.871,0.853,0.023,0.659,0.919,0.905,0.026,0.444,0.096
0.35,-0.9,-0.381,-0.761,-0.278,-0.51,-0.31,0.264,0.727,-0.686,-0.728
0.97,-0.635,-0.912,0.705,0.722,0.552,0.936,-0.71,0.253,0.013,0.745
0.498,0.022,0.772,0.653,-0.832,-0.808,-0.587,-0.309,-0.747,-0.5,-0.792
-0.57,-0.08,-0.055,-0.848,-0.571,0.094,0.153,-0.541,0.215,-0.971,0.922
0.436,0.7,0.783,0.243,-0.176,0.365,0.372,-0.062,-0.965,-0.016,0.262
0.057,0.1,-0.04,0.245,0.098,-0.919,0.946,0.623,-0.885,0.669,-0.566
-0.75,-0.065,0.091,0.802,-0.582,-0.307,-0.237,0.943,0.892,0.155,0.897
-0.195,0.293,-0.697,-0.592,0.367,0.766,-0.54,0.632,0.464,-0.629,0.443
-0.041,0.323,0.298,0.882,-0.72,0.835,-0.597,-0.057,0.775,0.083,0.649
0.117,-0.769,-0.953,-0.46,0.045,0.999,-0.402,-0.589,0.165,0.235,0.406
0.544,-0.512,0.525,0.898,0.556,0.288,-0.765,-0.712,0.402,0.872,0.033
-0.707,-0.157,0.837,-0.018,-0.799,0.366,-0.637,0.804,-0.659,-0.628,0.354
0.014,-0.799,-0.701,0.437,-0.616,-0.252,0.666,0.433,0.022,-0.025,0.406
0.101,0.974,0.631,-0.437,0.177,0.284,0.98,0.994,-0.627,-0.309,-0.184
-0.132,0.742,-0.937,-0.783,0.771,-0.05,0.875,-0.031,0.194,0.498,0.311
0.27,0.607,0.765,-0.858,-0.063,-0.284,-0.349,0.131,-0.753,0.526,-0.241
0.514,-0.906,-0.306,-0.053,0.638,-0.911,0.642,-0.344,-0.029,-0.454,-0.222
-0.742,0.153,-0.125,-0.584,-0.844,-0.209,-0.185,-0.51,-0.162,0.983,0.695
-0.28,0.046,-0.92,0.531,0.329,-0.247,-0.215,-0.503,-0.681,-0.156,-0.001
0.586,0.56,0.283,0.011,-0.42,-0.387,0.548,-0.223,-0.336,0.486,0.417
0.608,0.888,0.191,-0.584,0.641,0.214,-0.675,0.025,0.424,-0.559,0.671
-0.613,0.692,-0.996,-0.635,-0.758,-0.739,0.234,-0.248,0.345,0.35,0.101
-0.397,-0.669,-0.678,-0.577,-0.726,-0.729,-0.339,0.609,0.798,-0.295,0.155
0.079,0.194,0.393,-0.939,-0.81,0.392,-0.9,-0.639,-0.145,0.121,0.959
-0.424,-0.344,0.546,0.525,-0.367,0.505,-0.086,0.316,-0.902,-0.199,0.987
0.547,-0.097,0.903,-0.586,0.227,-0.959,0.891,-0.578,0.495,-0.292,0.59
0.578,0.674,-0.382,-0.472,0.44,-0.187,-0.983,-0.325,-0.945,0.207,0.234
-0.567,0.531,0.701,0.288,-0.385,0.169,-0.848,-0.113,-0.321,0.767,0.198
-0.509,-0.807,-0.07,-0.612,-0.884,0.665,-0.751,-0.74,-0.279,-0.031,0.375
0.204,-0.221,-0.428,0.428,-0.109,-0.32,0.85,-0.156,-0.876,0.766,-0.555
-0.753,-0.269,0.218,-0.717,0.379,-0.328,0.887,-0.994,0.699,0.494,0.548
0.641,0.314,0.138,0.622,-0.715,-0.292,0.997,-0.703,-0.508,-0.72,0.571
-0.408,0.208,0.02,0.706,-0.521,0.541,-0.698,-0.501,-0.737,0.415,-0.802
0.534,-0.685,-0.984,-0.152,-0.877,-0.115,0.189,-0.804,-0.207,0.405,0.218
0.174,0.719,-0.836,0.17,0.167,-0.071,-0.748,-0.192,-0.647,0.961,0.262
0.762,-0.917,-0.634,0.76,-0.922,-0.515,-0.631,0.663,0.571,-0.282,-0.958
-0.167,0.964,0.318,0.185,-0.997,-0.28,0.107,-0.835,-0.049,0.409,-0.261
0.469,0.087,0.674,-0.286,-0.576,-0.185,0.438,0.115,0.496,0.789,0.708
-0.378,-0.613,0.413,0.061,0.323,0.14,-0.5,0.84,0.967,-0.584,0.148
0.421,0.051,-0.134,0.415,-0.249,0.731,-0.681,-0.893,-0.443,0.548,0.783
0.512,-0.96,-0.392,0.93,0.591,-0.819,-0.559,-0.643,0.994,-0.897,-0.336
-0.626,-0.734,-0.056,-0.445,0.625,-0.355,-0.307,-0.565,-0.685,0.507,0.524
-0.217,-0.75,0.937,0.465,0.989,-0.75,0.465,0.019,-0.452,0.751,0.423
-0.752,-0.239,-0.117,-0.166,0.177,0.885,0.403,-0.871,0.625,-0.053,-0.978
0.259,0.093,0.675,0.789,0.598,0.875,0.726,-0.496,-0.346,0.075,0.164
0.5,0.483,-0.828,-0.579,-0.214,-0.887,0.668,0.596,0.782,-0.368,-0.105
0.146,0.315,-0.045,0.886,-0.839,-0.855,-0.932,-0.473,-0.508,-0.915,-0.456
0.885,0.132,-0.912,0.709,0.052,0.159,-0.658,-0.634,0.625,0.115,-0.575
0.314,-0.121,0.849,-0.01,-0.364,-0.861,0.402,0.589,0.408,0.149,0.489
0.727,0.98,-0.851,0.556,0.952,-0.285,-0.88,0.89,-0.674,-0.842,-0.123
-0.03,-0.623,0.698,-0.931,0.945,-0.307,0.709,-0.078,0.252,0.934,-0.931
-0.782,-0.89,0.216,0.367,0.719,0.554,0.062,-0.177,0.793,-0.619,0.983
0.199,-0.51,0.279,-0.706,0.909,-0.123,-0.61,0.001,-0.725,-0.762,-0.257
0.169,0.088,-0.1,-0.957,-0.401,-0.866,-0.69,0.483,0.333,0.854,-0.133
0.063,0.384,0.261,-0.721,-0.247,-0.245,0.27,0.509,-0.082,-0.312,-0.094
0.922,0.615,-0.182,0.964,-0.738,-0.717,0.598,-0.966,0.686,-0.192,0.148
-0.784,-0.517,0.909,0.254,0.67,-0.126,-0.278,-0.983,-0.611,-0.287,0.361
0.312,-0.424,-0.746,-0.297,0.78,0.09,0.038,-0.051,-0.559,-0.396,-0.596
0.689,0.487,-0.373,0.226,0.13,0.206,-0.783,-0.228,0.349,-0.127,-0.025
-0.589,-0.659,0.324,-0.598,0.66,-0.98,0.361,0.142,0.863,-0.315,0.429
-0.022,-0.303,0.418,0.123,-0.051,0.655,-0.019,-0.176,0.104,-0.119,0.411
0.931,0.141,0.059,0.501,-0.704,0.538,-0.159,0.852,-0.599,-0.187,-0.632
0.264,0.506,-0.93,-0.788,-0.081,0.492,-0.566,0.516,0.283,-0.974,0.988
0.24,-0.815,-0.969,-0.319,-0.309,0.249,0.828,0.058,-0.573,0.877,0.325
-0.506,-0.008,-0.622,-0.784,0.266,0.187,0.574,-0.139,0.968,-0.377,0.654
-0.403,-0.295,0.096,0.612,0.634,-0.576,-0.205,-0.779,-0.194,-0.092,-0.809
-0.171,-0.935,0.81,-0.264,0.073,0.37,0.63,0.405,0.497,-0.273,-0.002
-0.036,-0.556,-0.736,-0.897,-0.773,0.063,-0.711,-0.52,-0.286,0.386,0.258
0.542,-0.93,-0.125,-0.39,0.647,-0.222,-0.644,0.83,-0.523,0.53,0.036
-0.706,-0.901,-0.348,0.951,-0.06,-0.298,-0.347,0.178,0.456,0.116,-0.407
0.12,0.713,-0.155,0.105,-0.63,0.441,-0.138,-0.732,0.495,-0.001,-0.271
-0.151,-0.489,-0.523,0.019,0.418,-0.33,-0.552,-0.366,0.629,0.281,0.61
0.46,-0.52,0.565,0.222,0.971,-0.733,-0.978,0.317,0.778,0.397,-0.308
0.748,0.12,-0.879,-0.004,0.691,0.877,-0.992,0.242,-0.995,-0.811,-0.06
-0.537,-0.807,-0.0,0.793,0.178,-0.832,-0.174,-0.984,-0.744,-0.909,-0.911
-0.117,0.078,-0.043,0.461,-0.681,-0.581,0.88,-0.89,0.838,-0.508,0.807
-0.657,-0.827,-0.208,-0.04,0.478,0.919,-0.829,-0.849,0.981,0.067,-0.107
0.5,-0.047,0.413,0.057,-0.817,-0.76,0.089,0.454,0.544,-0.047,0.903
-0.581,0.793,-0.167,0.054,0.284,0.992,0.455,-0.486,-0.532,0.589,-0.459
0.03,0.604,0.899,-0.375,0.556,0.158,0.892,0.9,0.378,0.115,-0.015
-0.294,0.254,-0.255,-0.683,-0.045,-0.217,0.735,-0.179,0.005,-0.217,-0.805
-0.181,-0.483,-0.034,-0.916,-0.006,-0.199,-0.312,-0.223,-0.373,0.868,-0.857
-0.786,-0.001,-0.547,-0.225,0.986,-0.704,-0.45,0.52,-0.182,-0.863,-0.125
0.535,-0.977,-0.947,0.829,0.868,0.497,-0.556,-0.092,-0.413,-0.421,0.63
-0.4,0.835,0.366,-0.687,-0.645,-0.301,-0.278,0.201,0.382,0.675,0.995
0.386,-0.194,-0.255,-0.837,-0.453,0.875,0.658,0.662,0.835,0.018,0.448
-0.923,-0.626,-0.833,-0.77,-0.256,0.729,0.036,0.58,0.132,-0.511,-0.629
-0.302,0.202,0.689,-0.325,0.376,-0.346,-0.838,-0.232,0.081,0.828,0.038
-0.491,-0.04,-0.612,0.049,0.569,-0.584,0.526,-0.289,0.858,0.924,0.071
-0.855,-0.748,0.316,-0.979,0.905,0.327,-0.304,-0.678,-0.467,0.734,-0.392
0.094,0.495,0.449,-0.928,-0.572,-0.311,0.378,-0.295,-0.209,0.958,-0.388
0.235,0.553,-0.892,0.388,0.384,0.548,-0.181,0.661,-0.124,0.974,-0.876
-0.268,-0.713,0.927,-0.448,-0.504,0.808,-0.379,0.479,0.319,0.14,0.473
0.182,0.849,-0.086,0.259,0.716,-0.717,-0.333,-0.934,0.336,-0.095,0.259
-0.221,-0.798,-0.355,0.193,0.608,0.316,-0.077,0.618,-0.558,-0.347,0.446
-0.646,0.231,-0.662,-0.16,0.697,-0.502,0.633,-0.036,-0.687,0.88,-0.197
-0.364,-0.88,0.161,0.657,0.116,-0.357,0.468,-0.922,0.854,0.572,-0.047
-0.149,0.688,-0.98,-0.897,-0.089,-0.585,-0.939,-0.561,-0.542,-0.469,-0.204
-0.366,0.77,0.235,0.794,0.439,0.024,0.963,0.727,-0.902,-0.595,0.823
0.539,0.883,0.806,-0.289,-0.804,-0.754,-0.812,0.339,-0.871,-0.788,-0.42
0.548,-0.608,0.265,-0.503,0.683,-0.419,-0.731,0.946,0.185,-0.214,-0.098
0.177,-0.642,0.258,0.751,-0.61,0.667,0.602,0.153,0.406,-0.389,-0.974
-0.553,-0.673,-0.503,-0.959,0.779,0.88,0.909,-0.705,-0.925,-0.832,0.227
0.635,-0.635,-0.854,0.066,-0.445,0.826,-0.902,-0.066,0.655,-0.554,0.558
-0.944,0.558,0.25,-0.63,0.537,-0.182,-0.411,-0.145,0.538,0.407,-0.179
0.06,-0.227,0.321,0.972,-0.942,0.468,0.86,0.146,0.549,-0.832,-0.745
0.975,-0.997,-0.266,0.584,-0.814,0.013,-0.763,0.976,0.646,-0.178,0.859
0.526,0.782,0.374,0.992,0.714,-0.24,0.881,-0.204,-0.15,-0.466,-0.984
0.404,0.942,0.573,0.289,-0.059,0.862,0.198,-0.834,0.147,0.241,0.45
0.298,0.664,-0.598,0.258,0.398,-0.729,0.66,-0.895,0.756,-0.66,0.991
-0.906,0.137,0.538,0.067,-0.536,0.969,-0.706,-0.415,0.836,-0.409,-0.909
0.969,0.954,0.665,-0.291,-0.501,0.76,0.924,0.764,-0.563,-0.272,0.33
0.111,0.018,0.719,-0.257,0.154,0.956,-0.719,-0.986,-0.744,-0.321,-0.843
-0.17,0.82,0.001,0.579,0.655,-0.695,0.857,-0.153,0.025,0.412,0.204
0.159,-0.56,0.737,-0.097,-0.438,-0.243,-0.265,0.159,0.806,0.706,0.991
-0.59,0.016,0.181,-0.125,0.164,0.804,0.69,0.469,-0.504,0.704,-0.488
0.497,-0.982,0.484,0.001,-0.834,-0.145,-0.64,-0.046,-0.266,-0.007,0.719
0.89,0.339,0.298,-0.471,-0.215,0.511,-0.473,-0.257,0.506,0.569,-0.384
-0.82,0.912,0.349,0.434,0.667,0.668,-0.62,0.756,-0.402,0.945,0.494
0.759,-0.295,0.33,-0.545,0.66,-0.745,0.752,-0.897,0.358,0.697,-0.298
-0.542,-0.424,-0.552,0.081,0.548,-0.734,-0.937,-0.735,-0.761,-0.24,-0.901
-0.347,-0.642,-0.568,0.076,0.898,-0.462,-0.763,-0.082,0.011,0.246,-0.556
0.614,-0.87,-0.3,0.896,0.805,0.194,0.646,0.068,-0.291,0.436,0.176
-0.281,0.405,0.136,-0.282,-0.092,-0.355,0.092,0.346,0.11,-0.58,-0.012
-0.211,0.509,0.591,-0.648,0.39,-0.143,0.789,-0.071,-0.291,0.33,0.855
0.83,0.164,-0.875,-0.594,-0.345,0.613,-0.991,0.92,0.56,-0.927,-0.416
0.003,0.008,0.269,-0.843,0.666,-0.377,-0.313,0.565,-0.112,0.898,-0.265
-0.976,-0.957,-0.301,0.387,0.534,0.963,0.54,0.499,0.614,0.459,0.842
0.824,0.847,0.154,0.236,-0.306,0.224,0.99,-0.074,-0.264,-0.222,0.454
-0.123,0.991,0.718,-0.577,0.512,-0.401,0.661,-0.46,0.126,0.111,0.933
-0.475,0.002,-0.012,0.574,-0.04,-0.833,0.585,-0.926,-0.432,0.67,0.002
0.006,-0.671,0.246,0.623,0.565,-0.189,-0.506,0.269,-0.127,0.813,-0.42
0.371,-0.357,-0.692,-0.019,-0.162,0.774,-0.732,-0.16,-0.272,0.119,-0.773
0.427,0.339,0.574,0.326,0.87,-0.519,-0.9,-0.371,0.882,0.581,0.785
0.013,-0.432,0.363,-0.433,-0.579,0.259,-0.865,0.999,-0.968,0.95,-0.711
-0.932,0.29,0.958,-0.896,0.16,0.827,0.483,0.035,0.141,-0.396,0.221
0.156,0.54,0.365,-0.188,0.235,0.228,-0.699,0.674,0.075,0.942,-0.6
-0.933,-0.445,0.059,-0.16,0.147,0.26,-0.159,0.726,-0.9,-0.869,-0.313
-0.406,-0.004,0.29,-0.017,0.154,0.386,-0.882,0.73,0.956,0.607,0.63
0.476,-0.103,-0.422,0.211,-0.941,-0.253,-0.414,0.631,-0.558,-0.709,-0.526
-0.984,0.314,0.692,-0.035,0.163,0.471,0.818,0.19,-0.744,-0.422,-0.423
-0.232,0.276,-0.831,0.147,0.301,-0.698,-0.441,0.638,0.392,0.097,0.521
0.215,0.758,0.388,0.35,0.321,0.291,-0.998,-0.936,0.664,0.22,0.1
-0.704,-0.414,0.496,0.105,0.911,0.713,0.793,-0.838,0.105,0.429,-0.774
0.807,0.218,-0.106,0.541,0.874,-0.51,0.921,-0.652,0.04,-0.272,0.369
-0.438,-0.997,0.846,0.004,0.449,-0.617,-0.364,0.521,0.983,0.764,0.508
0.905,-0.77,0.938,0.475,0.636,0.184,-0.649,-0.82,-0.822,-0.453,-0.671
-0.303,-0.131,0.152,-0.933,0.516,-0.511,0.993,0.303,-0.622,0.709,0.762
0.139,-0.882,-0.063,-0.881,-0.716,0.296,-0.128,0.181,0.255,-0.019,0.529
-0.947,0.027,-0.377,0.557,-0.68,0.355,-0.918,-0.071,0.065,-0.986,-0.482
0.878,-0.718,-0.579,-0.485,-0.627,0.263,0.458,0.52,0.94,-0.204,0.442
0.216,0.155,-0.202,-0.479,-0.233,0.683,0.075,0.476,0.531,0.189,0.297
0.566,-0.422,-0.097,0.676,0.2,-0.744,0.469,0.838,0.571,0.71,0.389
-0.09,-0.008,0.933,-0.17,-0.12,0.393,0.301,0.861,0.957,-0.756,0.197
-0.157,0.225,-0.382,0.276,-0.841,0.591,-0.668,-0.114,0.159,-0.522,0.485
0.463,-0.221,0.714,0.225,0.572,-0.273,-0.363,0.385,-0.275,-0.786,-0.625
0.753,0.336,-0.659,0.307,0.508,0.988,0.415,0.552,0.072,0.81,-0.992
0.841,-0.488,0.341,0.544,-0.906,0.999,-0.426,0.655,-0.213,0.593,-0.164
-0.843,0.424,0.092,-0.648,0.843,-0.961,0.654,0.353,0.637,0.348,0.347
0.672,0.009,-0.557,0.174,0.8,-0.906,0.518,-0.36,-0.576,0.499,-0.729
-0.115,0.242,0.902,-0.145,-0.336,-0.475,-0.203,-0.227,0.251,0.54,-0.614
0.477,0.368,0.895,0.123,0.371,0.879,0.861,-0.752,-0.84,0.865,-0.745
0.854,-0.311,0.047,0.418,-0.878,-0.848,0.545,-0.003,-0.061,-0.862,-0.191
0.24,-0.997,-0.179,0.166,0.877,-0.743,-0.469,-0.894,-0.699,0.026,0.645
-0.087,0.871,0.051,0.24,-0.691,0.116,-0.23,-0.061,-0.691,-0.475,-0.726
0.626,-0.592,0.541,-0.797,0.062,-0.673,-0.418,0.2,0.096,0.365,0.232
-0.941,-0.521,0.208,-0.713,0.5,0.428,0.514,0.875,-0.667,-0.102,-0.13
-0.951,-0.932,0.372,-0.495,-0.362,0.039,-0.885,0.578,0.204,-0.534,0.351
0.268,0.642,0.854,-0.721,-0.153,0.667,0.441,0.036,-0.475,0.166,0.645
-0.28,0.71,0.639,-0.265,0.413,0.586,-0.305,-0.672,0.24,-0.138,-0.595
-0.641,-0.352,0.036,0.473,0.649,-0.509,-0.925,0.804,0.412,-0.693,0.415
-0.82,-0.375,0.087,-0.702,0.83,-0.789,-0.699,-0.412,-0.267,-0.967,-0.894
-0.621,0.614,-0.666,-0.509,0.126,0.195,0.639,0.722,-0.89,-0.158,0.301
0.413,-0.044,-0.498,0.389,-0.682,0.408,0.56,-0.145,0.999,-0.531,0.14
-0.904,0.134,-0.007,-0.541,0.043,-0.551,0.27,0.358,0.145,-0.543,0.355
0.876,-0.46,-0.688,0.577,0.221,0.598,0.537,0.085,-0.562,0.777,0.927
0.534,0.238,-0.926,0.438,0.357,0.185,0.521,0.819,0.842,0.113,0.792
-0.122,-0.861,-0.554,-0.068,-0.067,-0.162,-0.455,0.453,0.065,0.954,0.581
0.351,0.606,0.161,0.529,-0.598,-0.643,0.352,-0.304,-0.832,-0.42,0.415
-0.128,0.539,0.172,-0.19,0.523,0.555,0.651,-0.705,0.428,-0.209,-0.794
0.208,0.7,-0.364,0.461,-0.372,-0.064,-0.977,0.66,0.437,0.938,-0.234
-0.721,-0.196,-0.038,0.286,-0.891,-0.285,0.85,0.529,-0.364,0.085,-0.003
-0.689,0.433,-0.072,-0.693,0.823,-0.55,-0.362,0.044,0.751,-0.557,-0.57
0.96,0.428,0.158,0.941,0.88,0.841,-0.338,-0.952,-0.811,0.242,-0.274
0.031,-0.583,-0.766,0.308,0.758,0.206,0.592,0.039,0.121,0.395,-0.251
-0.212,0.2,-0.012,-0.979,-0.822,-0.351,0.803,0.545,0.449,-0.792,0.307
-0.761,-0.947,-0.832,0.401,0.54,-0.116,-0.029,-0.253,0.846,0.708,-0.321
0.408,0.385,0.675,0.957,0.542,-0.287,0.317,0.07,0.287,0.105,0.407
0.256,-0.299,0.606,0.604,0.017,-0.938,-0.926,-0.48,-0.775,0.095,0.504
-0.171,-0.34,-0.322,0.941,0.912,-0.576,-0.691,0.866,-0.713,-0.781,0.892
0.809,-0.441,-0.513,-0.743,-0.661,0.893,0.587,-0.468,-0.08,-0.529,0.322
-0.792,0.05,0.664,0.976,-0.78,-0.972,0.707,0.768,-0.445,0.834,-0.993
-0.065,0.394,-0.381,-0.312,0.747,0.268,0.699,0.448,0.907,0.978,-0.255
-0.056,0.663,-0.228,0.598,0.693,0.194,0.01,0.854,-0.759,0.5,0.84
0.793,-0.55,-0.095,-0.831,-0.435,0.553,0.504,0.546,-0.982,0.695,0.691
0.088,-0.638,-0.502,0.816,-0.428,-0.345,0.495,-0.131,0.166,-0.464,-0.739
0.809,-0.256,0.236,-0.889,0.368,-0.41,-0.297,0.139,-0.876,0.066,0.211
0.072,0.625,0.684,0.351,-0.494,0.832,-0.838,-0.963,0.999,-0.819,0.922
-0.741,-0.562,-0.726,-0.454,0.218,-0.85,-0.651,-0.46,-0.453,0.393,0.912
-0.931,-0.086,0.932,0.107,-0.669,-0.069,0.81,0.459,0.298,-0.553,0.945
-0.005,0.393,-0.947,-0.853,0.509,-0.703,0.918,0.104,-0.679,-0.1,0.295
0.76,0.89,-0.801,-0.855,0.128,-0.453,0.816,0.823,0.809,0.615,0.647
-0.26,-0.168,0.132,0.707,-0.997,0.17,0.392,0.345,-0.375,0.829,0.564
-0.724,-0.847,-0.082,-0.853,0.537,0.625,-0.762,-0.196,0.195,-0.778,-0.813
-0.7,-0.975,0.891,0.984,-0.138,-0.205,0.351,-0.765,-0.783,-0.53,-0.693
0.72,-0.565,-0.597,-0.365,-0.497,0.044,0.561,-0.348,0.069,-0.273,0.633
0.322,0.686,0.04,0.997,0.433,-0.618,0.331,-0.72,-0.992,-0.088,0.392
-0.239,0.789,-0.523,-0.06,-0.856,0.387,-0.405,-0.236,-0.189,0.159,0.083
0.325,-0.934,0.775,0.106,-0.076,0.278,-0.671,-0.275,0.427,0.93,-0.963
-0.766,0.218,-0.243,0.048,0.156,-0.594,0.482,-0.521,-0.041,-0.612,-0.819
0.291,-0.404,0.297,0.397,-0.897,-0.358,0.428,0.535,-0.337,-0.812,0.304
-0.479,-0.908,-0.572,0.444,-0.177,-0.334,0.618,0.368,-0.977,-0.197,-0.408
0.216,-0.584,-0.745,0.103,-0.398,0.267,-0.045,0.591,-0.894,0.851,0.477
-0.292,0.69,0.222,0.925,0.333,0.107,-0.443,0.932,-0.665,0.852,0.899
-0.168,-0.503,0.633,-0.198,-0.552,-0.996,0.439,0.535,0.545,0.487,0.6
-0.072,0.188,-0.062,0.544,-0.645,0.599,-0.83,0.138,-0.739,0.521,0.411
0.582,0.463,-0.674,0.179,0.214,-0.56,-0.845,-0.339,-0.822,-0.414,-0.792
-0.01,-0.753,-0.935,0.335,0.288,-0.748,-0.651,0.567,0.744,0.568,-0.024
-0.872,-0.508,-0.205,-0.828,-0.748,0.736,0.382,0.08,0.568,-0.311,-0.66
0.633,0.14,-0.38,0.066,-0.456,-0.308,-0.271,-0.848,0.315,0.905,-0.554
-0.134,0.658,0.537,0.353,-0.323,-0.042,0.722,-0.098,0.07,0.835,-0.152
0.939,0.007,0.747,0.058,-0.603,0.104,-0.784,-0.011,0.753,0.665,-0.527
-0.853,-0.902,-0.238,-0.109,-0.017,-0.567,-0.455,0.454,-0.263,0.388,0.671
0.162,0.311,0.765,0.898,0.153,-0.54,0.045,-0.526,-0.105,-0.993,-0.918
0.038,-0.921,-0.352,0.656,0.606,-0.056,-0.025,0.527,-0.668,-0.069,0.916
0.069,-0.012,0.731,0.547,-0.86,-0.027,-0.58,-0.615,-0.747,-0.192,-0.842
0.67,-0.725,0.434,0.605,0.356,-0.132,-0.461,-0.291,0.976,0.699,-0.036
-0.863,0.476,-0.596,0.728,0.943,0.737,-0.892,0.56,0.247,0.461,-0.619
-0.135,-0.817,0.626,0.915,-0.019,-0.752,-0.709,-0.861,0.521,0.432,-0.906
-0.183,0.68,0.51,-0.619,-0.384,0.617,0.282,-0.267,-0.898,-0.189,0.71
-0.694,-0.498,-0.481,0.057,-0.306,-0.611,0.201,0.956,-0.321,0.869,-0.742
0.928,0.109,0.227,-0.286,-0.066,0.665,-0.33,0.602,0.294,0.985,-0.701
0.67,0.505,0.116,-0.021,0.533,-0.304,0.523,0.881,0.638,-0.273,-0.359
-0.676,0.612,0.028,-0.633,-0.04,-0.69,-0.987,0.687,-0.667,-0.968,0.681
0.109,-0.686,0.209,0.46,-0.864,-0.489,-0.103,0.84,0.597,0.631,-0.573
-0.505,-0.959,0.317,0.521,-0.532,-0.403,0.868,-0.616,0.172,-0.845,-0.334
-0.196,0.118,-0.028,-0.822,-0.89,0.033,-0.02,-0.818,-0.881,-0.334,-0.755
0.352,-0.41,0.922,0.627,-0.478,0.584,-0.154,-0.353,-0.957,-0.21,-0.456
0.113,-0.863,-0.127,-0.93,-0.778,0.812,-0.29,-0.717,0.143,-0.973,0.417
-0.066,-0.886,-0.141,-0.701,0.191,0.524,-0.074,0.457,0.867,-0.708,0.439
0.747,0.818,0.778,-0.836,0.737,0.692,-0.286,0.203,-0.074,-0.612,0.338
0.963,0.155,0.679,-0.335,-0.401,0.819,0.544,-0.123,0.586,-0.717,-0.431
0.228,0.268,0.2,-0.812,0.147,0.498,0.706,0.882,0.445,0.557,0.865
0.004,-0.688,0.76,0.049,-0.641,0.964,0.569,0.277,-0.065,-0.68,-0.034
-0.84,-0.149,0.573,-0.12,-0.876,-0.64,-0.001,0.547,-0.874,0.543,-0.221
-0.212,0.036,0.293,-0.491,0.144,-0.016,-0.312,0.952,-0.431,0.205,0.884
0.348,-0.118,0.501,-0.313,-0.163,-0.05,0.566,0.306,0.745,-0.842,-0.269
-0.351,0.585,0.748,0.333,-0.161,0.658,-0.341,0.451,0.169,-0.256,-0.726
0.893,0.912,-0.901,-0.446,-0.932,-0.881,-0.885,-0.297,-0.709,-0.361,-0.626
0.207,0.667,-0.949,0.132,-0.573,0.975,0.65,-0.607,0.373,-0.309,-0.932
-0.517,0.617,-0.805,0.794,0.975,0.399,0.871,-0.996,-0.394,0.629,-0.678
0.473,0.677,-0.786,0.939,-0.783,-0.376,0.336,0.342,-0.172,-0.213,0.333
-0.678,0.71,0.226,0.26,0.292,-0.676,-0.27,-0.338,0.149,-0.163,-0.74
0.713,-0.962,-0.656,0.349,0.016,-0.211,0.291,0.291,-0.593,-0.999,-0.739
0.359,0.632,0.046,0.876,0.496,-0.273,-0.451,0.689,0.677,0.11,-0.098
-0.964,-0.473,0.43,-0.024,0.583,0.367,0.536,0.358,0.374,-0.654,-0.425
-0.343,-0.444,-0.678,0.219,0.311,-0.102,0.69,0.193,0.591,-0.542,-0.152
-0.511,-0.504,-0.362,0.154,-0.676,0.856,0.299,0.618,0.529,0.039,-0.84
-0.23,0.371,0.2,0.37,-0.234,-0.036,0.134,-0.804,0.311,-0.16,-0.083
0.071,-0.255,0.858,0.814,0.889,0.391,0.14,-0.618,0.281,-0.455,-0.372
0.601,-0.67,0.9,-0.728,0.191,0.293,0.364,-0.617,-0.458,0.192,-0.389
0.396,-0.793,0.756,-0.474,-0.187,0.939,0.218,-0.201,-0.067,-0.343,0.836
0.567,0.087,-0.336,0.971,-0.325,-0.979,0.095,0.123,-0.074,-0.384,0.357
0.367,-0.434,-0.527,0.476,-0.444,-0.732,-0.856,-0.8,-0.653,-0.967,0.987
-0.736,0.309,0.939,0.182,0.446,0.435,0.899,0.658,0.282,-0.013,-0.765
0.027,0.296,-0.154,-0.284,0.958,-0.564,-0.92,-0.069,0.227,0.134,0.01
-0.969,0.692,-0.098,-0.289,0.28,0.179,0.888,0.084,0.289,0.475,-0.725
-0.303,-0.497,-0.629,-0.098,-0.606,0.297,0.73,-0.628,-0.793,-0.924,-0.007
-0.75,0.349,0.037,0.638,0.66,0.035,-0.229,-0.424,0.615,-0.074,0.535
-0.266,0.295,0.001,0.404,-0.095,-0.542,-0.056,-0.821,0.267,-0.373,0.082
-0.625,0.45,-0.783,0.309,-0.844,-0.867,0.524,0.757,0.295,0.458,0.799
0.321,-0.666,0.616,-0.032,0.641,0.696,-0.052,-0.435,0.63,0.516,0.881
0.351,0.895,-0.117,-0.411,-0.15,0.001,0.366,0.955,-0.077,-0.634,0.573
0.967,-0.313,0.521,0.862,-0.916,0.131,-0.448,0.842,0.092,0.108,0.97
0.437,-0.046,0.515,0.546,0.252,-0.315,-0.76,-0.722,0.428,-0.218,-0.978
-0.765,0.782,0.089,0.37,0.857,-0.703,-0.658,-0.761,0.614,-0.959,0.411
-0.793,0.873,0.638,0.623,-0.003,-0.455,-0.962,-0.083,-0.945,-0.353,0.116
0.849,-0.878,0.861,-0.972,-0.242,0.031,0.188,0.135,-0.485,0.79,0.888
0.623,0.176,0.799,0.345,0.653,-0.34,0.953,0.436,0.512,-0.835,-0.639
0.782,-0.383,-0.561,-0.643,-0.388,-0.512,-0.479,-0.673,-0.025,-0.518,0.735
-0.853,0.09,0.62,0.43,0.213,0.619,0.015,0.794,-0.375,-0.312,0.671
0.354,-0.909,-0.328,-0.84,0.663,0.972,-0.231,-0.203,-0.219,0.219,-0.007
-0.841,0.632,0.091,0.076,-0.508,0.503,-0.73,0.061,0.175,-0.135,-0.659
0.873,0.447,-0.89,0.662,-0.541,0.763,0.198,0.498,0.424,0.825,0.84
0.118,0.816,-0.822,0.249,-0.754,-0.787,0.25,-0.287,0.431,-0.884,0.321
0.968,-0.841,0.304,0.617,0.189,0.351,-0.84,0.386,0.674,-0.796,-0.368
-0.829,-0.164,-0.602,-0.658,-0.601,-0.079,-0.997,0.55,-0.129,0.846,-0.573
-0.08,0.375,-0.403,-0.476,0.865,0.41,-0.33,-0.243,-0.134,0.324,-0.063
-0.623,-0.24,0.777,-0.973,0.499,0.845,0.976,-0.306,0.986,-0.053,-0.806
-0.365,0.197,-0.351,0.543,-0.203,0.791,-0.16,0.64,0.993,0.163,-0.397
0.804,-0.819,0.837,-0.594,0.207,0.405,-0.077,-0.837,0.33,-0.519,-0.171
0.005,0.875,0.034,-0.183,0.254,-0.975,-0.438,-0.013,-0.166,-0.898,0.73
-0.275,0.618,-0.346,0.012,-0.522,-0.081,-0.228,-0.332,-0.2,0.256,0.888
0.244,-0.549,-0.891,0.816,-0.262,-0.738,0.185,0.561,-0.363,0.561,0.743
-0.931,0.733,-0.453,0.382,-0.949,0.757,-0.883,0.191,0.469,0.245,-0.339
0.182,0.356,0.355,0.209,0.498,-0.9,-0.921,-0.305,-0.238,0.315,-0.147
0.264,0.381,-0.028,0.757,-0.759,0.053,0.664,-0.243,0.593,0.456,-0.283
0.242,-0.532,0.813,-0.666,0.304,-0.365,0.085,0.014,-0.214,0.841,-0.907
-0.133,0.119,-0.108,0.774,0.401,0.829,-0.972,0.142,-0.234,-0.199,-0.786
-0.714,0.036,-0.365,0.666,-0.941,-0.086,-0.744,0.461,-0.959,0.16,-0.062
0.791,0.974,-0.069,0.925,0.989,-0.344,-0.73,-0.275,0.586,0.952,0.195
0.137,-0.011,0.501,0.835,0.708,0.922,0.123,0.361,-0.471,0.934,0.403
-0.921,-0.122,-0.022,-0.005,-0.103,-0.468,0.186,0.743,-0.056,0.87,-0.908
0.104,-0.302,0.305,-0.969,-0.992,0.873,-0.443,-0.55,0.594,-0.34,0.969
0.431,-0.747,-0.127,0.34,0.697,-0.029,0.657,-0.721,0.594,-0.604,0.778
0.863,0.197,0.195,-0.859,0.25,-0.363,-0.039,-0.258,0.126,-0.08,0.409
0.601,-0.459,-0.31,-0.939,-0.128,0.688,-0.854,0.793,-0.257,-0.088,0.776
0.296,-0.821,-0.983,-0.943,-0.693,-0.276,0.083,0.401,0.456,0.223,0.009
0.078,0.615,0.574,0.573,-0.472,0.925,0.632,-0.733,-0.149,-0.4,0.55
0.692,0.388,-0.976,0.984,-0.828,0.598,-0.988,0.196,0.745,0.282,-0.71
0.597,0.585,0.104,0.46,-0.483,-0.957,-0.659,0.277,-0.054,0.446,0.788
0.444,-0.342,0.841,-0.448,0.424,0.313,-0.394,0.586,-0.746,0.609,0.935
-0.792,-0.105,0.954,-0.215,-0.395,-0.833,-0.629,0.356,0.603,0.752,-0.411
-0.738,-0.449,0.97,0.725,0.078,-0.55,-0.258,0.049,0.378,0.428,-0.6
0.352,-0.927,0.969,0.834,-0.17,-0.983,-0.072,-0.157,-0.622,0.883,-0.657
0.268,-0.776,0.102,-0.355,-0.55,-0.936,-0.392,0.787,0.104,-0.598,-0.105
0.913,-0.064,-0.316,0.872,0.748,-0.345,-0.738,-0.971,0.432,-0.811,-0.362
0.526,0.435,-0.148,0.91,-0.748,-0.836,-0.194,-0.548,0.108,-0.343,0.259
-0.865,0.157,-0.923,-0.063,-0.33,-0.288,-0.471,-0.747,-0.974,0.359,0.22
-0.35,0.534,0.796,-0.921,0.015,0.766,0.4,0.569,0.173,0.811,-0.727
-0.401,-0.35,-0.46,0.739,-0.298,0.481,0.505,0.305,-0.14,0.445,-0.831
0.273,-0.161,-0.625,0.18,-0.451,-0.407,-0.204,-0.149,0.79,-0.522,0.033
0.801,0.404,-0.213,-0.06,-0.015,-0.422,-0.908,-0.995,-0.295,-0.405,-0.305
-0.902,-0.897,0.523,-0.803,-0.823,0.61,0.146,0.306,-0.573,0.748,0.867
-0.602,-0.633,0.691,0.46,-0.857,-0.009,-0.226,0.111,-0.67,0.789,0.249
0.022,0.494,-0.975,-0.119,-0.346,0.755,-0.025,-0.68,-0.062,0.902,-0.216
-0.51,-0.731,-0.551,-0.898,-0.324,-0.422,0.273,0.828,0.841,0.291,-0.215
-0.501,0.514,-0.842,0.912,-0.721,0.76,-0.38,0.022,0.209,0.781,0.916
-0.213,-0.149,0.228,-0.45,-0.351,0.209,0.52,-0.359,0.734,-0.774,0.666
0.154,0.441,-0.114,-0.556,0.753,-0.543,-0.548,-0.162,0.726,-0.13,-0.357
-0.175,0.567,-0.127,0.275,-0.007,-0.111,-0.355,0.208,0.93,-0.427,-0.805
0.38,-0.684,0.305,-0.034,-0.103,0.394,0.682,-0.794,0.715,-0.973,0.161
0.265,-0.84,-0.474,-0.724,0.719,0.256,-0.708,0.788,-0.723,-0.277,-0.833
0.611,0.864,-0.517,-0.653,0.208,-0.891,-0.082,-0.982,-0.205,0.092,0.88
-0.807,0.391,0.036,-0.74,-0.299,-0.747,0.075,0.918,0.611,0.289,0.25
-0.847,0.037,-0.29,-0.531,0.796,0.036,-0.607,-0.086,0.902,-0.111,0.043
-0.492,-0.64,-0.962,0.908,0.578,0.252,-0.114,-0.739,-0.131,-0.931,-0.942
-0.147,0.735,-0.195,0.667,0.333,0.878,0.635,-0.893,-0.422,0.476,0.587
-0.574,-0.876,0.344,0.418,0.145,0.279,-0.528,0.917,-0.584,-0.143,0.343
